,tpr,fpr,tnr,fnr,ppr,precision,ftu
tpr,NA,0.9764670999998897,0.9757371380943205,6.58118042977046e-86,0.020830970146559012,0.026356848042638194,0.0002665632186639263
fpr,0.9764670999998897,NA,8.855918891479625e-89,0.9866975262884825,0.0012431464463319667,0.009902764286336812,0.00020043053162286588
tnr,0.9757371380943205,8.855918891757253e-89,NA,0.9859670732858885,0.001302720489188923,0.009981468363497727,0.00020217776498807392
fnr,6.58118042977046e-86,0.9866975262884825,0.9859670732858885,NA,0.02198741283796458,0.0265731330463159,0.00025021323165819593
ppr,0.020830970146559012,0.0012431464463319667,0.001302720489188923,0.02198741283796458,NA,0.32922601966661713,0.953135117743606
precision,0.026356848042638194,0.009902764286336812,0.009981468363497727,0.026573133046315863,0.32922601966661713,NA,0.006248358171311972
ftu,0.0002665632186639263,0.00020043053162286588,0.00020217776498807392,0.00025021323165819593,0.953135117743606,0.006248358171311972,NA
