,tpr,fpr,tnr,fnr,ppr,precision
tpr,NA,3.2740989576450647e-12,5.959955990787499e-12,1.936968339133397e-68,9.054103999457669e-15,0.2724713397539034
fpr,3.2740989576450647e-12,NA,1.568538686773017e-58,4.172067968941804e-12,3.3605131980768163e-18,0.5906127759341777
tnr,5.959955990787499e-12,1.568538686773017e-58,NA,7.796873252439956e-12,2.3253455550515777e-18,0.5751696990487463
fnr,1.936968339133397e-68,4.172067968941759e-12,7.796873252439956e-12,NA,9.21711802685649e-15,0.2765487709871068
ppr,9.054103999457669e-15,3.3605131980769126e-18,2.3253455550515284e-18,9.21711802685649e-15,NA,0.8482488257473778
precision,0.2724713397539033,0.5906127759341778,0.5751696990487463,0.2765487709871069,0.8482488257473778,NA
